automobile_factory_id;automobile_model_id
1;1
1;2
1;3
2;4
2;5
2;6
2;7
2;8
3;9
3;10
3;11
3;12
3;13
3;14
3;15
3;16
3;17
3;18
3;19
3;20
3;21
3;22
3;23
3;24
3;25
3;26
3;27
4;28
5;29
5;30
6;31
6;32
6;33
6;34
6;35
6;36
6;37
6;38
6;39
6;40
6;41
6;42
6;43
7;44
7;45
7;46
7;47
8;48
8;49
9;50
10;51
10;52
10;53
10;54
10;55
10;56
10;57
10;58
10;59
10;60
10;61
10;62
10;63
10;64
10;65
10;66
10;67
10;68
10;69
10;70
10;71
10;72
10;73
10;74
10;75
10;76
10;77
10;78
10;79
10;80
10;81
10;82
10;83
10;84
10;85
10;86
10;87
10;88
11;89
11;90
11;91
11;92
11;93
11;94
11;95
11;96
11;97
11;98
11;99
11;100
11;101
11;102
11;103
11;104
11;105
11;106
11;107
11;108
12;109
12;110
12;111
12;112
12;113
12;114
13;115
14;116
15;117
15;118
15;119
15;120
15;121
15;122
16;123
17;124
18;125
18;126
18;127
18;128
18;129
18;130
18;131
18;132
19;133
19;134
20;135
20;136
21;137
21;138
21;139
21;140
22;141
22;142
22;143
22;144
22;145
22;146
22;147
22;148
22;149
22;150
22;151
22;152
22;153
22;154
22;155
22;156
22;157
22;158
22;159
22;160
22;161
22;162
22;163
22;164
22;165
22;166
22;167
22;168
23;169
24;170
25;171
25;172
25;173
25;174
25;175
25;176
25;177
25;178
25;179
25;180
25;181
25;182
25;183
25;184
25;185
25;186
25;187
25;188
25;189
25;190
25;191
25;192
25;193
25;194
25;195
25;196
25;197
25;198
25;199
25;200
25;201
25;202
25;203
25;204
25;205
25;206
25;207
25;208
25;209
25;210
25;211
25;212
25;213
25;214
25;215
25;216
25;217
25;218
25;219
25;220
25;221
25;222
25;223
25;224
25;225
25;226
25;227
25;228
25;229
25;230
25;231
25;232
25;233
25;234
25;235
25;236
25;237
25;238
25;239
25;240
25;241
25;242
25;243
25;244
25;245
25;246
25;247
25;248
25;249
26;250
26;251
26;252
27;253
27;254
27;255
27;256
27;257
27;258
27;259
27;260
27;261
27;262
27;263
28;264
28;265
29;266
30;267
31;268
31;269
31;270
31;271
32;272
32;273
32;274
33;275
33;276
33;277
33;278
33;279
33;280
33;281
33;282
33;283
33;284
33;285
33;286
33;287
33;288
33;289
33;290
33;291
33;292
33;293
33;294
33;295
33;296
33;297
33;298
33;299
33;300
33;301
33;302
33;303
33;304
33;305
34;306
35;307
36;308
36;309
36;310
36;311
36;312
36;313
36;314
36;315
36;316
36;317
36;318
36;319
36;320
36;321
36;322
36;323
37;324
37;325
38;326
38;327
38;328
38;329
38;330
38;331
38;332
39;333
39;334
39;335
39;336
40;337
40;338
40;339
40;340
40;341
40;342
40;343
40;344
40;345
40;346
40;347
40;348
40;349
40;350
40;351
40;352
40;353
41;354
42;355
42;356
42;357
42;358
43;359
44;360
45;361
45;362
46;363
47;364
47;365
47;366
47;367
47;368
47;369
47;370
47;371
47;372
47;373
47;374
47;375
47;376
47;377
47;378
47;379
47;380
47;381
47;382
47;383
47;384
47;385
47;386
47;387
47;388
47;389
47;390
47;391
47;392
47;393
47;394
47;395
47;396
47;397
47;398
47;399
47;400
47;401
47;402
47;403
47;404
47;405
47;406
47;407
47;408
47;409
47;410
47;411
47;412
47;413
47;414
47;415
47;416
47;417
47;418
47;419
47;420
47;421
47;422
47;423
47;424
47;425
47;426
47;427
47;428
48;429
48;430
48;431
49;432
49;433
49;434
49;435
49;436
49;437
49;438
49;439
50;440
50;441
50;442
50;443
50;444
50;445
50;446
50;447
51;448
51;449
51;450
52;451
52;452
53;453
53;454
53;455
53;456
53;457
53;458
53;459
53;460
53;461
53;462
54;463
54;464
54;465
54;466
54;467
54;468
54;469
54;470
54;471
54;472
54;473
54;474
54;475
54;476
54;477
54;478
54;479
54;480
54;481
54;482
54;483
54;484
54;485
54;486
54;487
54;488
54;489
54;490
54;491
54;492
54;493
54;494
54;495
54;496
54;497
54;498
55;499
55;500
55;501
55;502
55;503
55;504
55;505
55;506
55;507
55;508
55;509
55;510
55;511
55;512
55;513
55;514
55;515
55;516
55;517
55;518
55;519
55;520
55;521
55;522
55;523
55;524
55;525
55;526
55;527
55;528
55;529
55;530
55;531
55;532
55;533
55;534
55;535
55;536
55;537
55;538
55;539
55;540
55;541
55;542
55;543
55;544
55;545
55;546
55;547
55;548
55;549
55;550
55;551
55;552
55;553
55;554
56;555
56;556
57;557
57;558
57;559
57;560
57;561
57;562
57;563
57;564
57;565
57;566
57;567
57;568
57;569
57;570
57;571
57;572
57;573
57;574
57;575
57;576
57;577
57;578
57;579
57;580
57;581
57;582
57;583
57;584
57;585
57;586
57;587
57;588
57;589
57;590
57;591
57;592
57;593
57;594
57;595
57;596
57;597
57;598
57;599
58;600
59;601
60;602
60;603
60;604
61;605
61;606
61;607
62;608
62;609
62;610
62;611
62;612
62;613
62;614
62;615
62;616
62;617
62;618
62;619
62;620
62;621
62;622
62;623
62;624
62;625
62;626
62;627
62;628
62;629
62;630
62;631
62;632
62;633
62;634
62;635
62;636
62;637
62;638
62;639
62;640
62;641
62;642
62;643
62;644
62;645
62;646
62;647
62;648
62;649
62;650
62;651
62;652
62;653
62;654
62;655
62;656
62;657
63;658
63;659
63;660
64;661
64;662
65;663
65;664
65;665
65;666
65;667
65;668
65;669
65;670
65;671
65;672
65;673
65;674
65;675
65;676
65;677
65;678
65;679
65;680
65;681
65;682
65;683
65;684
65;685
65;686
65;687
65;688
65;689
65;690
65;691
65;692
65;693
65;694
65;695
65;696
65;697
65;698
65;699
65;700
65;701
65;702
65;703
65;704
65;705
65;706
65;707
65;708
65;709
65;710
65;711
65;712
65;713
65;714
65;715
65;716
65;717
65;718
65;719
65;720
65;721
65;722
65;723
65;724
65;725
65;726
65;727
65;728
65;729
65;730
66;731
66;732
66;733
66;734
66;735
66;736
66;737
66;738
66;739
66;740
66;741
67;742
67;743
67;744
67;745
67;746
67;747
67;748
67;749
67;750
67;751
67;752
67;753
67;754
67;755
67;756
67;757
67;758
67;759
67;760
67;761
67;762
67;763
67;764
67;765
67;766
67;767
67;768
67;769
67;770
67;771
67;772
67;773
67;774
67;775
67;776
67;777
67;778
67;779
67;780
67;781
67;782
67;783
67;784
67;785
67;786
67;787
67;788
67;789
67;790
67;791
67;792
67;793
67;794
67;795
67;796
67;797
67;798
67;799
67;800
67;801
67;802
67;803
67;804
67;805
67;806
67;807
67;808
67;809
67;810
67;811
67;812
67;813
67;814
67;815
67;816
67;817
67;818
67;819
67;820
67;821
67;822
67;823
67;824
67;825
67;826
67;827
67;828
67;829
67;830
67;831
67;832
67;833
67;834
67;835
67;836
67;837
67;838
67;839
67;840
68;841
68;842
68;843
68;844
68;845
68;846
68;847
68;848
68;849
68;850
68;851
68;852
68;853
68;854
68;855
68;856
68;857
68;858
68;859
68;860
68;861
68;862
68;863
68;864
68;865
68;866
68;867
68;868
68;869
68;870
68;871
68;872
68;873
68;874
68;875
68;876
68;877
68;878
69;879
69;880
70;881
70;882
70;883
70;884
70;885
70;886
70;887
70;888
70;889
70;890
70;891
70;892
70;893
70;894
70;895
70;896
70;897
70;898
70;899
70;900
70;901
70;902
70;903
70;904
70;905
70;906
70;907
70;908
70;909
70;910
70;911
70;912
70;913
70;914
70;915
70;916
70;917
70;918
70;919
70;920
70;921
70;922
70;923
70;924
70;925
70;926
70;927
70;928
70;929
70;930
70;931
71;932
72;933
73;934
74;935
75;936
76;937
76;938
76;939
76;940
76;941
76;942
77;943
77;944
77;945
77;946
77;947
77;948
77;949
77;950
77;951
77;952
77;953
77;954
77;955
77;956
77;957
78;958
78;959
78;960
79;961
79;962
79;963
79;964
79;965
79;966
79;967
79;968
79;969
79;970
79;971
79;972
79;973
79;974
79;975
79;976
79;977
79;978
79;979
79;980
79;981
79;982
79;983
79;984
79;985
79;986
79;987
79;988
79;989
79;990
80;991
80;992
80;993
80;994
80;995
80;996
80;997
80;998
80;999
80;1000
80;1001
80;1002
80;1003
80;1004
80;1005
80;1006
80;1007
80;1008
80;1009
80;1010
80;1011
80;1012
80;1013
80;1014
80;1015
80;1016
80;1017
80;1018
80;1019
80;1020
80;1021
80;1022
80;1023
80;1024
80;1025
80;1026
80;1027
80;1028
80;1029
80;1030
80;1031
80;1032
80;1033
80;1034
80;1035
80;1036
80;1037
80;1038
80;1039
80;1040
80;1041
80;1042
80;1043
80;1044
81;1045
81;1046
81;1047
81;1048
81;1049
81;1050
81;1051
81;1052
81;1053
82;1054
83;1055
83;1056
83;1057
83;1058
83;1059
83;1060
83;1061
83;1062
83;1063
83;1064
83;1065
83;1066
83;1067
83;1068
83;1069
83;1070
83;1071
84;1072
84;1073
84;1074
85;1075
86;1076
86;1077
86;1078
87;1079
88;1080
88;1081
88;1082
88;1083
88;1084
88;1085
88;1086
88;1087
89;1088
89;1089
89;1090
89;1091
89;1092
89;1093
89;1094
90;1095
90;1096
90;1097
90;1098
91;1099
91;1100
91;1101
91;1102
91;1103
91;1104
92;1105
93;1106
93;1107
93;1108
93;1109
93;1110
93;1111
93;1112
93;1113
93;1114
93;1115
93;1116
93;1117
93;1118
93;1119
93;1120
93;1121
93;1122
93;1123
93;1124
93;1125
93;1126
93;1127
93;1128
93;1129
93;1130
93;1131
93;1132
93;1133
93;1134
93;1135
93;1136
93;1137
93;1138
93;1139
93;1140
93;1141
93;1142
93;1143
93;1144
93;1145
93;1146
94;1147
94;1148
94;1149
94;1150
94;1151
94;1152
94;1153
94;1154
94;1155
94;1156
94;1157
94;1158
94;1159
94;1160
94;1161
94;1162
94;1163
94;1164
94;1165
94;1166
94;1167
94;1168
94;1169
94;1170
94;1171
94;1172
94;1173
94;1174
94;1175
94;1176
94;1177
94;1178
94;1179
94;1180
94;1181
94;1182
94;1183
94;1184
94;1185
94;1186
94;1187
94;1188
94;1189
94;1190
94;1191
94;1192
94;1193
95;1194
95;1195
95;1196
95;1197
96;1198
96;1199
96;1200
96;1201
96;1202
96;1203
97;1204
97;1205
97;1206
97;1207
97;1208
97;1209
98;1210
98;1211
98;1212
98;1213
98;1214
98;1215
98;1216
98;1217
99;1218
99;1219
100;1220
100;1221
100;1222
100;1223
100;1224
101;1225
102;1226
102;1227
103;1228
104;1229
105;1230
105;1231
105;1232
105;1233
105;1234
105;1235
106;1236
106;1237
107;1238
108;1239
109;1240
110;1241
110;1242
110;1243
110;1244
110;1245
110;1246
110;1247
110;1248
110;1249
110;1250
110;1251
110;1252
110;1253
110;1254
110;1255
110;1256
110;1257
110;1258
110;1259
110;1260
110;1261
110;1262
110;1263
110;1264
111;1265
111;1266
111;1267
111;1268
111;1269
111;1270
111;1271
111;1272
111;1273
111;1274
111;1275
111;1276
111;1277
111;1278
111;1279
111;1280
111;1281
111;1282
111;1283
111;1284
111;1285
111;1286
111;1287
111;1288
111;1289
111;1290
111;1291
111;1292
111;1293
111;1294
111;1295
111;1296
111;1297
111;1298
111;1299
111;1300
111;1301
111;1302
111;1303
111;1304
111;1305
111;1306
111;1307
111;1308
111;1309
111;1310
111;1311
111;1312
111;1313
111;1314
112;1315
112;1316
112;1317
112;1318
112;1319
112;1320
112;1321
112;1322
112;1323
112;1324
112;1325
112;1326
112;1327
112;1328
112;1329
112;1330
112;1331
112;1332
112;1333
112;1334
112;1335
112;1336
112;1337
112;1338
112;1339
112;1340
112;1341
112;1342
112;1343
112;1344
112;1345
112;1346
112;1347
112;1348
112;1349
112;1350
112;1351
112;1352
112;1353
112;1354
112;1355
112;1356
112;1357
112;1358
112;1359
112;1360
112;1361
112;1362
112;1363
112;1364
112;1365
112;1366
112;1367
112;1368
112;1369
112;1370
112;1371
112;1372
112;1373
113;1374
113;1375
114;1376
115;1377
115;1378
115;1379
115;1380
115;1381
115;1382
115;1383
115;1384
115;1385
115;1386
115;1387
115;1388
115;1389
115;1390
115;1391
115;1392
115;1393
115;1394
115;1395
115;1396
115;1397
115;1398
115;1399
115;1400
115;1401
115;1402
115;1403
115;1404
115;1405
115;1406
115;1407
115;1408
115;1409
115;1410
115;1411
115;1412
115;1413
115;1414
115;1415
115;1416
115;1417
115;1418
115;1419
115;1420
115;1421
115;1422
115;1423
115;1424
115;1425
115;1426
115;1427
115;1428
115;1429
115;1430
115;1431
115;1432
115;1433
115;1434
115;1435
115;1436
115;1437
115;1438
115;1439
115;1440
115;1441
115;1442
115;1443
115;1444
115;1445
115;1446
115;1447
115;1448
115;1449
115;1450
115;1451
115;1452
115;1453
115;1454
115;1455
115;1456
115;1457
115;1458
115;1459
115;1460
115;1461
115;1462
115;1463
115;1464
115;1465
115;1466
115;1467
115;1468
115;1469
115;1470
115;1471
115;1472
115;1473
115;1474
115;1475
115;1476
115;1477
115;1478
115;1479
115;1480
115;1481
115;1482
116;1483
116;1484
116;1485
116;1486
116;1487
116;1488
116;1489
116;1490
116;1491
116;1492
116;1493
116;1494
116;1495
117;1496
117;1497
117;1498
117;1499
117;1500
117;1501
117;1502
117;1503
117;1504
118;1505
119;1506
119;1507
119;1508
119;1509
119;1510
119;1511
119;1512
120;1513
121;1514
122;1515
122;1516
122;1517
122;1518
122;1519
122;1520
122;1521
122;1522
123;1523
123;1524
123;1525
123;1526
123;1527
123;1528
123;1529
123;1530
123;1531
123;1532
123;1533
123;1534
123;1535
123;1536
123;1537
123;1538
123;1539
123;1540
123;1541
123;1542
123;1543
123;1544
123;1545
123;1546
123;1547
123;1548
123;1549
123;1550
123;1551
124;1552
124;1553
124;1554
124;1555
124;1556
124;1557
124;1558
124;1559
124;1560
124;1561
124;1562
124;1563
124;1564
124;1565
124;1566
124;1567
124;1568
124;1569
124;1570
124;1571
124;1572
124;1573
124;1574
124;1575
124;1576
124;1577
124;1578
124;1579
124;1580
124;1581
124;1582
124;1583
124;1584
124;1585
124;1586
124;1587
124;1588
124;1589
124;1590
124;1591
124;1592
124;1593
124;1594
124;1595
124;1596
124;1597
124;1598
124;1599
124;1600
124;1601
124;1602
124;1603
124;1604
124;1605
124;1606
124;1607
124;1608
124;1609
124;1610
124;1611
124;1612
124;1613
124;1614
124;1615
124;1616
124;1617
124;1618
124;1619
124;1620
124;1621
124;1622
124;1623
124;1624
124;1625
124;1626
124;1627
124;1628
124;1629
125;1630
125;1631
125;1632
125;1633
125;1634
125;1635
125;1636
126;1637
126;1638
126;1639
126;1640
126;1641
127;1642
127;1643
128;1644
128;1645
128;1646
128;1647
128;1648
128;1649
128;1650
128;1651
128;1652
128;1653
128;1654
128;1655
128;1656
128;1657
128;1658
128;1659
128;1660
129;1661
129;1662
130;1663
130;1664
130;1665
131;1666
132;1667
133;1668
133;1669
133;1670
133;1671
133;1672
133;1673
133;1674
133;1675
133;1676
133;1677
133;1678
133;1679
133;1680
133;1681
133;1682
133;1683
133;1684
133;1685
133;1686
133;1687
133;1688
133;1689
133;1690
133;1691
133;1692
133;1693
134;1694
134;1695
134;1696
134;1697
134;1698
134;1699
135;1700
135;1701
135;1702
135;1703
135;1704
135;1705
135;1706
135;1707
135;1708
135;1709
135;1710
135;1711
135;1712
135;1713
136;1714
136;1715
137;1716
138;1717
138;1718
138;1719
138;1720
138;1721
138;1722
138;1723
138;1724
138;1725
138;1726
138;1727
138;1728
138;1729
138;1730
138;1731
138;1732
138;1733
138;1734
138;1735
138;1736
138;1737
138;1738
138;1739
138;1740
138;1741
138;1742
138;1743
139;1744
139;1745
139;1746
140;1747
141;1748
142;1749
142;1750
143;1751
143;1752
144;1753
144;1754
144;1755
145;1756
146;1757
146;1758
146;1759
146;1760
146;1761
146;1762
146;1763
146;1764
146;1765
146;1766
146;1767
146;1768
146;1769
146;1770
146;1771
147;1772
147;1773
147;1774
147;1775
147;1776
147;1777
147;1778
147;1779
147;1780
147;1781
147;1782
147;1783
147;1784
147;1785
147;1786
147;1787
147;1788
147;1789
147;1790
147;1791
147;1792
147;1793
147;1794
147;1795
147;1796
147;1797
147;1798
147;1799
147;1800
147;1801
147;1802
147;1803
147;1804
147;1805
147;1806
147;1807
147;1808
147;1809
147;1810
147;1811
147;1812
147;1813
147;1814
147;1815
147;1816
147;1817
147;1818
147;1819
147;1820
147;1821
147;1822
147;1823
147;1824
147;1825
147;1826
147;1827
147;1828
147;1829
147;1830
147;1831
147;1832
147;1833
147;1834
147;1835
147;1836
147;1837
147;1838
147;1839
147;1840
147;1841
147;1842
147;1843
147;1844
147;1845
147;1846
147;1847
147;1848
147;1849
147;1850
147;1851
147;1852
147;1853
147;1854
147;1855
147;1856
147;1857
147;1858
147;1859
147;1860
147;1861
147;1862
147;1863
147;1864
147;1865
147;1866
147;1867
147;1868
147;1869
147;1870
147;1871
148;1872
148;1873
148;1874
148;1875
148;1876
148;1877
148;1878
148;1879
148;1880
148;1881
148;1882
148;1883
148;1884
148;1885
148;1886
148;1887
148;1888
148;1889
148;1890
149;1891
149;1892
149;1893
150;1894
150;1895
150;1896
150;1897
150;1898
150;1899
150;1900
151;1901
152;1902
153;1903
153;1904
153;1905
153;1906
153;1907
154;1908
155;1909
155;1910
156;1911
157;1912
157;1913
157;1914
158;1915
158;1916
158;1917
158;1918
159;1919
160;1920
160;1921
160;1922
160;1923
160;1924
160;1925
160;1926
160;1927
160;1928
160;1929
160;1930
160;1931
160;1932
160;1933
160;1934
160;1935
160;1936
160;1937
160;1938
160;1939
160;1940
160;1941
160;1942
160;1943
160;1944
160;1945
160;1946
160;1947
160;1948
160;1949
160;1950
160;1951
160;1952
160;1953
160;1954
160;1955
160;1956
160;1957
160;1958
160;1959
160;1960
160;1961
160;1962
160;1963
160;1964
160;1965
160;1966
160;1967
160;1968
160;1969
160;1970
160;1971
160;1972
160;1973
160;1974
160;1975
160;1976
160;1977
160;1978
160;1979
160;1980
160;1981
160;1982
160;1983
160;1984
160;1985
160;1986
160;1987
160;1988
160;1989
160;1990
160;1991
160;1992
160;1993
160;1994
160;1995
160;1996
160;1997
160;1998
160;1999
160;2000
160;2001
160;2002
160;2003
160;2004
160;2005
161;2006
161;2007
162;2008
163;2009
163;2010
163;2011
163;2012
163;2013
163;2014
163;2015
164;2016
164;2017
164;2018
164;2019
164;2020
165;2021
166;2022
166;2023
166;2024
166;2025
166;2026
166;2027
166;2028
166;2029
166;2030
166;2031
166;2032
166;2033
166;2034
166;2035
166;2036
166;2037
166;2038
166;2039
166;2040
166;2041
166;2042
167;2043
167;2044
167;2045
168;2046
168;2047
169;2048
170;2049
170;2050
170;2051
170;2052
170;2053
170;2054
170;2055
170;2056
170;2057
171;2058
171;2059
171;2060
172;2061
172;2062
172;2063
172;2064
172;2065
172;2066
172;2067
172;2068
172;2069
172;2070
172;2071
172;2072
172;2073
172;2074
172;2075
172;2076
172;2077
172;2078
172;2079
172;2080
172;2081
172;2082
172;2083
172;2084
172;2085
172;2086
172;2087
172;2088
172;2089
172;2090
173;2091
174;2092
174;2093
174;2094
174;2095
174;2096
174;2097
174;2098
174;2099
174;2100
174;2101
174;2102
174;2103
174;2104
174;2105
174;2106
174;2107
174;2108
174;2109
174;2110
174;2111
174;2112
174;2113
174;2114
174;2115
174;2116
174;2117
174;2118
174;2119
174;2120
174;2121
174;2122
174;2123
174;2124
174;2125
174;2126
174;2127
174;2128
174;2129
174;2130
174;2131
174;2132
174;2133
174;2134
174;2135
174;2136
174;2137
175;2138
175;2139
175;2140
176;2141
176;2142
176;2143
176;2144
176;2145
176;2146
176;2147
176;2148
176;2149
176;2150
176;2151
176;2152
176;2153
176;2154
176;2155
176;2156
176;2157
176;2158
177;2159
177;2160
177;2161
177;2162
177;2163
177;2164
177;2165
177;2166
177;2167
177;2168
177;2169
177;2170
177;2171
177;2172
177;2173
178;2174
178;2175
179;2176
179;2177
179;2178
179;2179
179;2180
179;2181
179;2182
179;2183
179;2184
179;2185
179;2186
179;2187
179;2188
179;2189
179;2190
179;2191
179;2192
179;2193
179;2194
179;2195
180;2196
180;2197
180;2198
180;2199
180;2200
181;2201
182;2202
182;2203
183;2204
183;2205
184;2206
184;2207
184;2208
184;2209
184;2210
185;2211
185;2212
185;2213
186;2214
187;2215
187;2216
187;2217
187;2218
187;2219
188;2220
189;2221
189;2222
190;2223
190;2224
190;2225
191;2226
191;2227
191;2228
191;2229
191;2230
191;2231
192;2232
192;2233
192;2234
192;2235
192;2236
192;2237
192;2238
192;2239
192;2240
192;2241
192;2242
192;2243
192;2244
192;2245
192;2246
192;2247
192;2248
192;2249
192;2250
192;2251
192;2252
192;2253
192;2254
192;2255
192;2256
192;2257
192;2258
192;2259
192;2260
192;2261
192;2262
192;2263
192;2264
192;2265
192;2266
192;2267
192;2268
192;2269
192;2270
192;2271
192;2272
192;2273
192;2274
192;2275
192;2276
192;2277
192;2278
192;2279
192;2280
192;2281
192;2282
192;2283
192;2284
192;2285
192;2286
192;2287
192;2288
192;2289
192;2290
192;2291
192;2292
192;2293
192;2294
192;2295
192;2296
192;2297
192;2298
192;2299
192;2300
192;2301
192;2302
192;2303
192;2304
192;2305
193;2306
194;2307
194;2308
194;2309
194;2310
194;2311
194;2312
194;2313
194;2314
194;2315
195;2316
196;2317
197;2318
198;2319
198;2320
198;2321
198;2322
198;2323
198;2324
198;2325
198;2326
198;2327
198;2328
198;2329
198;2330
198;2331
198;2332
198;2333
198;2334
198;2335
198;2336
198;2337
198;2338
198;2339
198;2340
198;2341
198;2342
198;2343
198;2344
198;2345
199;2346
199;2347
199;2348
199;2349
199;2350
199;2351
199;2352
199;2353
199;2354
199;2355
199;2356
199;2357
199;2358
199;2359
199;2360
199;2361
199;2362
199;2363
199;2364
199;2365
199;2366
199;2367
199;2368
199;2369
199;2370
199;2371
199;2372
200;2373
200;2374
200;2375
200;2376
200;2377
200;2378
201;2379
201;2380
201;2381
201;2382
201;2383
201;2384
201;2385
201;2386
201;2387
201;2388
201;2389
202;2390
202;2391
202;2392
202;2393
202;2394
202;2395
202;2396
202;2397
202;2398
203;2399
203;2400
204;2401
204;2402
205;2403
205;2404
205;2405
205;2406
205;2407
205;2408
205;2409
205;2410
205;2411
205;2412
205;2413
205;2414
205;2415
205;2416
205;2417
205;2418
205;2419
205;2420
205;2421
205;2422
205;2423
205;2424
206;2425
207;2426
207;2427
207;2428
207;2429
207;2430
207;2431
207;2432
207;2433
207;2434
207;2435
207;2436
208;2437
209;2438
209;2439
209;2440
209;2441
209;2442
209;2443
209;2444
209;2445
209;2446
209;2447
209;2448
209;2449
209;2450
209;2451
209;2452
209;2453
209;2454
209;2455
209;2456
209;2457
209;2458
209;2459
209;2460
209;2461
210;2462
211;2463
211;2464
211;2465
211;2466
211;2467
211;2468
212;2469
212;2470
212;2471
212;2472
212;2473
212;2474
212;2475
212;2476
213;2477
214;2478
214;2479
214;2480
214;2481
214;2482
214;2483
214;2484
214;2485
214;2486
214;2487
214;2488
214;2489
214;2490
214;2491
214;2492
214;2493
214;2494
215;2495
215;2496
216;2497
216;2498
216;2499
217;2500
217;2501
218;2502
218;2503
219;2504
219;2505
219;2506
219;2507
219;2508
220;2509
220;2510
220;2511
220;2512
220;2513
220;2514
220;2515
220;2516
220;2517
220;2518
220;2519
220;2520
221;2521
222;2522
222;2523
222;2524
222;2525
222;2526
222;2527
222;2528
222;2529
222;2530
222;2531
222;2532
222;2533
222;2534
223;2535
223;2536
224;2537
224;2538
224;2539
224;2540
224;2541
225;2542
225;2543
226;2544
226;2545
227;2546
227;2547
227;2548
227;2549
227;2550
227;2551
227;2552
227;2553
227;2554
227;2555
228;2556
228;2557
228;2558
228;2559
228;2560
228;2561
228;2562
228;2563
228;2564
228;2565
228;2566
228;2567
228;2568
228;2569
228;2570
228;2571
228;2572
228;2573
228;2574
228;2575
228;2576
228;2577
228;2578
228;2579
228;2580
228;2581
229;2582
230;2583
230;2584
230;2585
230;2586
230;2587
230;2588
230;2589
230;2590
230;2591
230;2592
230;2593
230;2594
230;2595
230;2596
230;2597
230;2598
230;2599
230;2600
230;2601
231;2602
231;2603
231;2604
231;2605
232;2606
232;2607
232;2608
232;2609
232;2610
232;2611
232;2612
232;2613
232;2614
232;2615
232;2616
232;2617
232;2618
232;2619
232;2620
232;2621
232;2622
232;2623
232;2624
232;2625
232;2626
232;2627
232;2628
232;2629
232;2630
232;2631
232;2632
232;2633
232;2634
232;2635
232;2636
232;2637
232;2638
232;2639
232;2640
232;2641
232;2642
232;2643
232;2644
232;2645
232;2646
232;2647
232;2648
232;2649
232;2650
232;2651
232;2652
232;2653
232;2654
232;2655
232;2656
232;2657
232;2658
232;2659
232;2660
232;2661
232;2662
232;2663
232;2664
232;2665
232;2666
232;2667
232;2668
232;2669
232;2670
232;2671
232;2672
232;2673
232;2674
232;2675
232;2676
232;2677
232;2678
232;2679
232;2680
232;2681
232;2682
232;2683
232;2684
232;2685
232;2686
232;2687
232;2688
232;2689
232;2690
232;2691
232;2692
232;2693
232;2694
232;2695
232;2696
232;2697
233;2698
233;2699
233;2700
233;2701
233;2702
233;2703
233;2704
233;2705
233;2706
233;2707
233;2708
233;2709
233;2710
233;2711
233;2712
233;2713
233;2714
233;2715
234;2716
234;2717
234;2718
235;2719
235;2720
235;2721
235;2722
235;2723
235;2724
235;2725
235;2726
235;2727
235;2728
235;2729
235;2730
235;2731
235;2732
235;2733
235;2734
235;2735
235;2736
235;2737
235;2738
235;2739
235;2740
235;2741
235;2742
235;2743
235;2744
235;2745
235;2746
235;2747
235;2748
235;2749
235;2750
235;2751
235;2752
235;2753
235;2754
235;2755
235;2756
235;2757
235;2758
235;2759
235;2760
235;2761
235;2762
235;2763
235;2764
235;2765
235;2766
235;2767
235;2768
235;2769
235;2770
235;2771
235;2772
235;2773
235;2774
235;2775
235;2776
235;2777
235;2778
235;2779
235;2780
235;2781
235;2782
235;2783
235;2784
235;2785
235;2786
235;2787
235;2788
235;2789
235;2790
235;2791
235;2792
235;2793
235;2794
235;2795
235;2796
235;2797
235;2798
235;2799
235;2800
235;2801
235;2802
235;2803
235;2804
235;2805
235;2806
235;2807
235;2808
235;2809
235;2810
235;2811
235;2812
235;2813
235;2814
235;2815
235;2816
235;2817
235;2818
235;2819
235;2820
235;2821
235;2822
235;2823
235;2824
235;2825
235;2826
235;2827
235;2828
235;2829
236;2830
236;2831
236;2832
236;2833
236;2834
236;2835
236;2836
236;2837
236;2838
236;2839
236;2840
236;2841
236;2842
236;2843
236;2844
236;2845
236;2846
237;2847
238;2848
239;2849
239;2850
240;2851
240;2852
240;2853
240;2854
240;2855
240;2856
240;2857
240;2858
240;2859
240;2860
240;2861
240;2862
240;2863
240;2864
240;2865
240;2866
240;2867
240;2868
240;2869
240;2870
240;2871
240;2872
240;2873
240;2874
240;2875
240;2876
240;2877
240;2878
240;2879
240;2880
240;2881
240;2882
240;2883
240;2884
240;2885
240;2886
240;2887
241;2888
242;2889
242;2890
242;2891
242;2892
242;2893
243;2894
244;2895
244;2896
244;2897
244;2898
244;2899
244;2900
244;2901
244;2902
245;2903
245;2904
245;2905
245;2906
245;2907
245;2908
245;2909
245;2910
245;2911
245;2912
245;2913
245;2914
245;2915
245;2916
245;2917
245;2918
245;2919
245;2920
245;2921
245;2922
245;2923
245;2924
245;2925
245;2926
245;2927
245;2928
245;2929
245;2930
245;2931
245;2932
245;2933
245;2934
245;2935
245;2936
245;2937
245;2938
245;2939
245;2940
245;2941
245;2942
245;2943
245;2944
245;2945
245;2946
245;2947
245;2948
245;2949
245;2950
245;2951
245;2952
245;2953
245;2954
245;2955
245;2956
245;2957
245;2958
245;2959
245;2960
245;2961
245;2962
245;2963
245;2964
245;2965
245;2966
245;2967
245;2968
245;2969
245;2970
245;2971
245;2972
245;2973
245;2974
245;2975
245;2976
245;2977
245;2978
245;2979
245;2980
245;2981
245;2982
245;2983
245;2984
245;2985
245;2986
245;2987
246;2988
246;2989
246;2990
246;2991
246;2992
246;2993
246;2994
246;2995
246;2996
246;2997
246;2998
246;2999
246;3000
246;3001
246;3002
246;3003
246;3004
246;3005
247;3006
248;3007
248;3008
248;3009
248;3010
248;3011
248;3012
248;3013
248;3014
248;3015
248;3016
248;3017
248;3018
249;3019
249;3020
250;3021
250;3022
250;3023
250;3024
250;3025
250;3026
250;3027
250;3028
250;3029
250;3030
250;3031
250;3032
250;3033
250;3034
250;3035
250;3036
250;3037
250;3038
250;3039
250;3040
250;3041
250;3042
250;3043
250;3044
250;3045
250;3046
250;3047
250;3048
250;3049
250;3050
250;3051
250;3052
250;3053
251;3054
252;3055
253;3056
253;3057
253;3058
253;3059
253;3060
253;3061
253;3062
254;3063
254;3064
254;3065
254;3066
254;3067
254;3068
254;3069
254;3070
254;3071
254;3072
254;3073
254;3074
255;3075
255;3076
255;3077
255;3078
255;3079
255;3080
255;3081
255;3082
255;3083
255;3084
255;3085
255;3086
255;3087
255;3088
255;3089
255;3090
255;3091
255;3092
255;3093
255;3094
255;3095
255;3096
255;3097
255;3098
255;3099
255;3100
255;3101
255;3102
255;3103
255;3104
255;3105
255;3106
255;3107
255;3108
255;3109
255;3110
255;3111
255;3112
255;3113
255;3114
255;3115
255;3116
255;3117
255;3118
255;3119
255;3120
255;3121
255;3122
255;3123
255;3124
255;3125
255;3126
255;3127
255;3128
255;3129
255;3130
255;3131
255;3132
255;3133
255;3134
255;3135
255;3136
255;3137
255;3138
255;3139
255;3140
255;3141
255;3142
255;3143
255;3144
255;3145
255;3146
255;3147
255;3148
255;3149
255;3150
255;3151
255;3152
255;3153
255;3154
255;3155
255;3156
255;3157
255;3158
255;3159
255;3160
255;3161
255;3162
255;3163
255;3164
255;3165
255;3166
255;3167
255;3168
255;3169
255;3170
255;3171
255;3172
255;3173
255;3174
255;3175
255;3176
255;3177
255;3178
255;3179
255;3180
255;3181
255;3182
255;3183
255;3184
255;3185
255;3186
255;3187
255;3188
255;3189
255;3190
255;3191
255;3192
255;3193
255;3194
255;3195
255;3196
255;3197
255;3198
255;3199
255;3200
255;3201
255;3202
255;3203
255;3204
256;3205
256;3206
256;3207
257;3208
258;3209
258;3210
258;3211
258;3212
258;3213
258;3214
258;3215
258;3216
258;3217
258;3218
258;3219
258;3220
258;3221
258;3222
258;3223
258;3224
258;3225
258;3226
258;3227
258;3228
258;3229
258;3230
259;3231
259;3232
259;3233
259;3234
259;3235
259;3236
260;3237
260;3238
260;3239
260;3240
260;3241
260;3242
260;3243
260;3244
260;3245
260;3246
260;3247
260;3248
260;3249
260;3250
260;3251
260;3252
260;3253
260;3254
260;3255
260;3256
260;3257
260;3258
260;3259
260;3260
260;3261
260;3262
260;3263
260;3264
260;3265
260;3266
260;3267
260;3268
260;3269
260;3270
260;3271
260;3272
260;3273
260;3274
260;3275
260;3276
260;3277
260;3278
260;3279
260;3280
260;3281
260;3282
260;3283
260;3284
260;3285
260;3286
260;3287
261;3288
261;3289
261;3290
261;3291
261;3292
261;3293
261;3294
261;3295
261;3296
262;3297
263;3298
264;3299
264;3300
264;3301
264;3302
264;3303
264;3304
264;3305
265;3306
265;3307
265;3308
265;3309
266;3310
267;3311
267;3312
267;3313
267;3314
267;3315
267;3316
267;3317
267;3318
267;3319
268;3320
268;3321
268;3322
269;3323
269;3324
270;3325
270;3326
270;3327
270;3328
270;3329
270;3330
270;3331
270;3332
271;3333
271;3334
271;3335
271;3336
271;3337
271;3338
271;3339
271;3340
271;3341
271;3342
271;3343
271;3344
271;3345
271;3346
271;3347
271;3348
271;3349
271;3350
271;3351
271;3352
271;3353
271;3354
271;3355
271;3356
271;3357
271;3358
271;3359
271;3360
271;3361
271;3362
271;3363
271;3364
271;3365
271;3366
271;3367
271;3368
271;3369
271;3370
271;3371
271;3372
271;3373
271;3374
271;3375
271;3376
271;3377
271;3378
271;3379
271;3380
271;3381
271;3382
271;3383
271;3384
271;3385
272;3386
272;3387
272;3388
273;3389
274;3390
275;3391
275;3392
275;3393
275;3394
275;3395
275;3396
275;3397
275;3398
275;3399
275;3400
275;3401
275;3402
275;3403
275;3404
275;3405
275;3406
275;3407
275;3408
275;3409
275;3410
275;3411
276;3412
277;3413
277;3414
277;3415
277;3416
277;3417
278;3418
278;3419
278;3420
278;3421
278;3422
278;3423
278;3424
278;3425
278;3426
278;3427
278;3428
278;3429
278;3430
278;3431
278;3432
278;3433
278;3434
278;3435
278;3436
278;3437
278;3438
278;3439
278;3440
278;3441
278;3442
278;3443
278;3444
278;3445
278;3446
279;3447
279;3448
279;3449
279;3450
279;3451
279;3452
279;3453
279;3454
279;3455
279;3456
279;3457
279;3458
279;3459
279;3460
279;3461
279;3462
279;3463
279;3464
279;3465
279;3466
279;3467
279;3468
279;3469
280;3470
280;3471
281;3472
281;3473
281;3474
281;3475
281;3476
281;3477
281;3478
281;3479
281;3480
281;3481
281;3482
282;3483
282;3484
282;3485
282;3486
282;3487
282;3488
282;3489
282;3490
282;3491
282;3492
282;3493
282;3494
282;3495
282;3496
282;3497
282;3498
282;3499
282;3500
283;3501
283;3502
284;3503
284;3504
285;3505
286;3506
287;3507
288;3508
288;3509
289;3510
290;3511
291;3512
292;3513
292;3514
292;3515
292;3516
293;3517
293;3518
293;3519
293;3520
293;3521
294;3522
295;3523
296;3524
297;3525
297;3526
297;3527
297;3528
297;3529
297;3530
297;3531
297;3532
297;3533
297;3534
297;3535
297;3536
297;3537
297;3538
297;3539
297;3540
297;3541
297;3542
297;3543
297;3544
297;3545
297;3546
297;3547
297;3548
297;3549
297;3550
297;3551
297;3552
297;3553
297;3554
297;3555
297;3556
297;3557
297;3558
297;3559
297;3560
297;3561
297;3562
297;3563
297;3564
297;3565
297;3566
297;3567
297;3568
297;3569
297;3570
297;3571
297;3572
297;3573
297;3574
297;3575
297;3576
297;3577
297;3578
297;3579
297;3580
297;3581
297;3582
297;3583
297;3584
297;3585
297;3586
297;3587
297;3588
297;3589
297;3590
297;3591
297;3592
297;3593
297;3594
297;3595
297;3596
297;3597
297;3598
297;3599
297;3600
297;3601
298;3602
298;3603
298;3604
299;3605
299;3606
299;3607
300;3608
301;3609
301;3610
301;3611
302;3612
302;3613
303;3614
303;3615
303;3616
303;3617
303;3618
303;3619
303;3620
303;3621
303;3622
303;3623
303;3624
303;3625
303;3626
303;3627
303;3628
303;3629
303;3630
303;3631
304;3632
304;3633
304;3634
304;3635
304;3636
304;3637
304;3638
304;3639
304;3640
304;3641
304;3642
304;3643
304;3644
304;3645
304;3646
304;3647
304;3648
304;3649
304;3650
305;3651
306;3652
307;3653
307;3654
307;3655
307;3656
307;3657
307;3658
307;3659
307;3660
307;3661
307;3662
307;3663
307;3664
307;3665
307;3666
307;3667
307;3668
307;3669
307;3670
308;3671
308;3672
309;3673
310;3674
310;3675
310;3676
310;3677
310;3678
310;3679
310;3680
310;3681
310;3682
310;3683
310;3684
310;3685
310;3686
310;3687
311;3688
312;3689
312;3690
312;3691
312;3692
313;3693
313;3694
314;3695
314;3696
314;3697
314;3698
314;3699
314;3700
314;3701
314;3702
315;3703
315;3704
316;3705
317;3706
317;3707
317;3708
317;3709
317;3710
317;3711
317;3712
317;3713
317;3714
317;3715
317;3716
317;3717
318;3718
318;3719
318;3720
318;3721
318;3722
318;3723
318;3724
318;3725
319;3726
319;3727
320;3728
321;3729
321;3730
321;3731
321;3732
321;3733
321;3734
321;3735
321;3736
321;3737
321;3738
321;3739
321;3740
321;3741
321;3742
321;3743
321;3744
321;3745
321;3746
321;3747
321;3748
321;3749
322;3750
322;3751
322;3752
322;3753
323;3754
323;3755
323;3756
323;3757
323;3758
323;3759
325;3760
325;3761
326;3762
326;3763
327;3764
327;3765
327;3766
327;3767
327;3768
327;3769
327;3770
327;3771
327;3772
327;3773
327;3774
327;3775
327;3776
327;3777
327;3778
327;3779
327;3780
327;3781
327;3782
327;3783
327;3784
327;3785
327;3786
327;3787
327;3788
327;3789
327;3790
327;3791
327;3792
327;3793
327;3794
327;3795
327;3796
328;3797
328;3798
329;3799
330;3800
330;3801
330;3802
330;3803
330;3804
330;3805
331;3806
331;3807
331;3808
331;3809
332;3810
332;3811
332;3812
332;3813
333;3814
333;3815
333;3816
333;3817
334;3818
334;3819
334;3820
334;3821
334;3822
334;3823
334;3824
334;3825
334;3826
334;3827
334;3828
334;3829
334;3830
334;3831
335;3832
336;3833
336;3834
337;3835
337;3836
337;3837
337;3838
337;3839
337;3840
337;3841
337;3842
337;3843
337;3844
337;3845
337;3846
337;3847
337;3848
337;3849
337;3850
337;3851
337;3852
337;3853
338;3854
339;3855
339;3856
340;3857
341;3858
341;3859
341;3860
341;3861
341;3862
341;3863
341;3864
341;3865
341;3866
341;3867
341;3868
341;3869
341;3870
341;3871
341;3872
341;3873
341;3874
341;3875
341;3876
341;3877
341;3878
341;3879
341;3880
341;3881
341;3882
341;3883
341;3884
341;3885
341;3886
341;3887
341;3888
341;3889
341;3890
341;3891
341;3892
341;3893
341;3894
341;3895
341;3896
341;3897
341;3898
341;3899
341;3900
341;3901
341;3902
341;3903
342;3904
342;3905
342;3906
342;3907
342;3908
342;3909
342;3910
342;3911
342;3912
342;3913
342;3914
342;3915
342;3916
342;3917
342;3918
342;3919
342;3920
342;3921
342;3922
342;3923
342;3924
342;3925
342;3926
342;3927
342;3928
342;3929
342;3930
342;3931
342;3932
342;3933
342;3934
342;3935
342;3936
342;3937
342;3938
342;3939
342;3940
342;3941
342;3942
342;3943
342;3944
342;3945
342;3946
342;3947
342;3948
342;3949
342;3950
342;3951
342;3952
342;3953
342;3954
342;3955
342;3956
342;3957
343;3958
343;3959
343;3960
343;3961
343;3962
343;3963
343;3964
343;3965
343;3966
344;3967
344;3968
344;3969
344;3970
344;3971
344;3972
344;3973
345;3974
345;3975
345;3976
345;3977
345;3978
345;3979
345;3980
346;3981
346;3982
346;3983
346;3984
347;3985
347;3986
347;3987
347;3988
347;3989
347;3990
347;3991
347;3992
347;3993
347;3994
347;3995
347;3996
348;3997
348;3998
348;3999
348;4000
348;4001
348;4002
348;4003
348;4004
349;4005
350;4006
350;4007
350;4008
350;4009
351;4010
351;4011
351;4012
351;4013
351;4014
351;4015
352;4016
353;4017
354;4018
354;4019
355;4020
356;4021
356;4022
356;4023
356;4024
356;4025
357;4026
357;4027
357;4028
357;4029
357;4030
357;4031
357;4032
357;4033
357;4034
357;4035
357;4036
357;4037
357;4038
357;4039
357;4040
357;4041
357;4042
357;4043
357;4044
357;4045
357;4046
357;4047
357;4048
357;4049
357;4050
357;4051
357;4052
357;4053
357;4054
357;4055
357;4056
357;4057
357;4058
357;4059
357;4060
357;4061
357;4062
357;4063
357;4064
357;4065
357;4066
357;4067
357;4068
357;4069
357;4070
357;4071
357;4072
357;4073
357;4074
357;4075
357;4076
357;4077
357;4078
357;4079
357;4080
357;4081
357;4082
357;4083
357;4084
357;4085
357;4086
357;4087
357;4088
357;4089
357;4090
357;4091
357;4092
357;4093
357;4094
357;4095
357;4096
357;4097
357;4098
357;4099
357;4100
357;4101
357;4102
357;4103
357;4104
357;4105
357;4106
357;4107
357;4108
357;4109
357;4110
357;4111
357;4112
357;4113
357;4114
357;4115
357;4116
357;4117
357;4118
357;4119
357;4120
357;4121
357;4122
357;4123
357;4124
357;4125
357;4126
357;4127
357;4128
357;4129
357;4130
357;4131
357;4132
357;4133
357;4134
357;4135
357;4136
357;4137
357;4138
357;4139
357;4140
357;4141
357;4142
357;4143
357;4144
357;4145
357;4146
357;4147
357;4148
357;4149
357;4150
357;4151
357;4152
357;4153
357;4154
357;4155
357;4156
357;4157
357;4158
357;4159
357;4160
357;4161
357;4162
357;4163
357;4164
357;4165
357;4166
357;4167
357;4168
357;4169
357;4170
357;4171
357;4172
357;4173
357;4174
357;4175
357;4176
357;4177
357;4178
357;4179
357;4180
357;4181
357;4182
357;4183
357;4184
357;4185
357;4186
357;4187
357;4188
357;4189
357;4190
357;4191
357;4192
357;4193
357;4194
357;4195
357;4196
357;4197
357;4198
357;4199
357;4200
357;4201
357;4202
357;4203
357;4204
357;4205
357;4206
357;4207
357;4208
357;4209
357;4210
357;4211
357;4212
357;4213
357;4214
357;4215
357;4216
358;4217
358;4218
358;4219
358;4220
359;4221
360;4222
360;4223
360;4224
360;4225
360;4226
360;4227
360;4228
360;4229
360;4230
361;4231
361;4232
361;4233
361;4234
361;4235
361;4236
361;4237
361;4238
361;4239
361;4240
361;4241
361;4242
361;4243
361;4244
361;4245
361;4246
361;4247
361;4248
361;4249
361;4250
361;4251
361;4252
361;4253
361;4254
362;4255
362;4256
362;4257
362;4258
362;4259
362;4260
362;4261
362;4262
362;4263
362;4264
362;4265
362;4266
362;4267
362;4268
362;4269
363;4270
363;4271
363;4272
363;4273
363;4274
363;4275
363;4276
363;4277
363;4278
363;4279
364;4280
364;4281
364;4282
365;4283
365;4284
365;4285
365;4286
365;4287
365;4288
365;4289
365;4290
365;4291
365;4292
365;4293
365;4294
365;4295
365;4296
365;4297
365;4298
365;4299
365;4300
365;4301
365;4302
365;4303
365;4304
365;4305
365;4306
365;4307
365;4308
365;4309
366;4310
366;4311
366;4312
366;4313
366;4314
366;4315
366;4316
366;4317
366;4318
366;4319
366;4320
366;4321
366;4322
366;4323
366;4324
366;4325
366;4326
366;4327
366;4328
366;4329
366;4330
366;4331
366;4332
366;4333
366;4334
366;4335
366;4336
366;4337
366;4338
366;4339
366;4340
366;4341
366;4342
366;4343
366;4344
366;4345
366;4346
366;4347
366;4348
366;4349
367;4350
367;4351
368;4352
368;4353
368;4354
368;4355
369;4356
369;4357
369;4358
370;4359
370;4360
370;4361
370;4362
370;4363
371;4364
371;4365
371;4366
371;4367
371;4368
371;4369
372;4370
372;4371
372;4372
373;4373
373;4374
373;4375
373;4376
373;4377
373;4378
373;4379
373;4380
373;4381
373;4382
373;4383
373;4384
373;4385
373;4386
373;4387
373;4388
373;4389
373;4390
373;4391
373;4392
373;4393
373;4394
373;4395
373;4396
373;4397
373;4398
373;4399
373;4400
373;4401
373;4402
373;4403
373;4404
373;4405
373;4406
373;4407
373;4408
373;4409
373;4410
373;4411
373;4412
373;4413
373;4414
373;4415
373;4416
373;4417
373;4418
373;4419
373;4420
373;4421
373;4422
373;4423
373;4424
373;4425
373;4426
373;4427
373;4428
373;4429
373;4430
373;4431
373;4432
373;4433
373;4434
373;4435
373;4436
373;4437
373;4438
373;4439
373;4440
373;4441
373;4442
373;4443
373;4444
373;4445
373;4446
373;4447
373;4448
373;4449
373;4450
373;4451
373;4452
373;4453
373;4454
373;4455
373;4456
373;4457
373;4458
373;4459
373;4460
373;4461
373;4462
373;4463
373;4464
373;4465
373;4466
373;4467
374;4468
374;4469
374;4470
374;4471
374;4472
374;4473
374;4474
374;4475
374;4476
374;4477
374;4478
374;4479
374;4480
374;4481
374;4482
374;4483
374;4484
374;4485
374;4486
374;4487
374;4488
374;4489
374;4490
374;4491
374;4492
374;4493
374;4494
374;4495
374;4496
374;4497
374;4498
374;4499
374;4500
374;4501
374;4502
374;4503
374;4504
374;4505
374;4506
374;4507
374;4508
374;4509
374;4510
374;4511
374;4512
374;4513
374;4514
374;4515
374;4516
375;4517
375;4518
375;4519
376;4520
376;4521
376;4522
376;4523
376;4524
377;4525
378;4526
378;4527
378;4528
378;4529
379;4530
379;4531
380;4532
380;4533
380;4534
380;4535
381;4536
381;4537
382;4538
382;4539
382;4540
382;4541
382;4542
382;4543
382;4544
382;4545
382;4546
382;4547
382;4548
382;4549
383;4550
383;4551
384;4552
384;4553
384;4554
384;4555
385;4556
385;4557
385;4558
385;4559
385;4560
385;4561
385;4562
385;4563
385;4564
385;4565
385;4566
385;4567
385;4568
385;4569
385;4570
386;4571
386;4572
387;4573
387;4574
388;4575
389;4576
389;4577
390;4578
390;4579
390;4580
391;4581
391;4582
391;4583
391;4584
391;4585
391;4586
391;4587
391;4588
391;4589
391;4590
392;4591
393;4592
393;4593
393;4594
394;4595
394;4596
395;4597
396;4598
396;4599
396;4600
396;4601
397;4602
397;4603
397;4604
397;4605
397;4606
397;4607
397;4608
397;4609
397;4610
397;4611
397;4612
398;4613
398;4614
398;4615
398;4616
398;4617
398;4618
398;4619
399;4620
400;4621
400;4622
400;4623
401;4624
402;4625
403;4626
403;4627
403;4628
403;4629
404;4630
404;4631
404;4632
405;4633
405;4634
405;4635
405;4636
405;4637
405;4638
405;4639
405;4640
405;4641
405;4642
405;4643
405;4644
405;4645
406;4646
406;4647
406;4648
406;4649
406;4650
